-- This should be a slightly modified version of inserts.sql
-- from the previous part (see instructions in the canvas page of the assignment) 

-- inte 채ndrat n책got fr책n part2 채nnu

INSERT INTO Programs VALUES ('Prog1','p1');
INSERT INTO Programs VALUES ('Prog2','p1'); -- prog1 and prog2 has the same abbrevation
INSERT INTO Programs VALUES ('Prog3','p3');

INSERT INTO Departments VALUES ('Dep1','d1');
INSERT INTO Departments VALUES ('Dep2','d2');
INSERT INTO Departments VALUES ('Dep3','d3');

INSERT INTO ProgramsHosts VALUES ('Prog1', 'Dep1');
INSERT INTO ProgramsHosts VALUES ('Prog1', 'Dep2'); -- both dep1 and dep2 collaborate on prog1
INSERT INTO ProgramsHosts VALUES ('Prog3', 'Dep3');

INSERT INTO Students VALUES ('1111111111','N1','ls1','Prog1');
INSERT INTO Students VALUES ('2222222222','N2','ls2','Prog1');
INSERT INTO Students VALUES ('3333333333','N3','ls3','Prog2');
INSERT INTO Students VALUES ('4444444444','N4','ls4','Prog1');
INSERT INTO Students VALUES ('5555555555','Nx','ls5','Prog2');
INSERT INTO Students VALUES ('6666666666','Nx','ls6','Prog2');

INSERT INTO Branches VALUES ('B1','Prog1');
INSERT INTO Branches VALUES ('B2','Prog1');
INSERT INTO Branches VALUES ('B1','Prog2');

INSERT INTO Courses VALUES ('CCC111','C1',22.5,'Dep1');
INSERT INTO Courses VALUES ('CCC222','C2',20,'Dep1');
INSERT INTO Courses VALUES ('CCC333','C3',30,'Dep1');
INSERT INTO Courses VALUES ('CCC444','C4',60,'Dep1');
INSERT INTO Courses VALUES ('CCC555','C5',50,'Dep1');
INSERT INTO Courses VALUES ('CCC666','C6',20,'Dep2');

INSERT INTO Prerequisites VALUES ('CCC444', 'CCC111');
INSERT INTO Prerequisites VALUES ('CCC444', 'CCC222');

INSERT INTO LimitedCourses VALUES ('CCC222',1);
INSERT INTO LimitedCourses VALUES ('CCC333',2);

INSERT INTO StudentBranches VALUES ('2222222222','B1','Prog1');
INSERT INTO StudentBranches VALUES ('3333333333','B1','Prog2');
INSERT INTO StudentBranches VALUES ('4444444444','B1','Prog1');
INSERT INTO StudentBranches VALUES ('5555555555','B1','Prog2');

INSERT INTO Classifications VALUES ('math');
INSERT INTO Classifications VALUES ('research');
INSERT INTO Classifications VALUES ('seminar');

INSERT INTO Classified VALUES ('CCC333','math');
INSERT INTO Classified VALUES ('CCC444','math');
INSERT INTO Classified VALUES ('CCC444','research');
INSERT INTO Classified VALUES ('CCC444','seminar');

INSERT INTO MandatoryProgram VALUES ('CCC111','Prog1');

INSERT INTO MandatoryBranch VALUES ('CCC333', 'B1', 'Prog1');
INSERT INTO MandatoryBranch VALUES ('CCC444', 'B1', 'Prog2');

INSERT INTO RecommendedBranch VALUES ('CCC222', 'B1', 'Prog1');
INSERT INTO RecommendedBranch VALUES ('CCC333', 'B1', 'Prog2');

-- INSERT INTO Registered VALUES ('1111111111','CCC111'); ONLY THESE INSERTS
-- INSERT INTO Registered VALUES ('1111111111','CCC222');
-- INSERT INTO Registered VALUES ('2222222222','CCC222');
-- INSERT INTO Registered VALUES ('5555555555','CCC222');
INSERT INTO Registered VALUES ('1111111111','CCC333');
INSERT INTO Registered VALUES ('2222222222','CCC333');
INSERT INTO Registered VALUES ('3333333333','CCC333');

INSERT INTO Taken VALUES('2222222222','CCC111','U');
INSERT INTO Taken VALUES('2222222222','CCC222','U');
INSERT INTO Taken VALUES('2222222222','CCC444','U');
INSERT INTO Taken VALUES('3333333333','CCC111','U');
INSERT INTO Taken VALUES('4444444444','CCC111','5');
INSERT INTO Taken VALUES('4444444444','CCC222','5');
INSERT INTO Taken VALUES('4444444444','CCC333','5');
INSERT INTO Taken VALUES('4444444444','CCC444','5');
INSERT INTO Taken VALUES('5555555555','CCC111','5');
INSERT INTO Taken VALUES('5555555555','CCC222','4');
--INSERT INTO Taken VALUES('5555555555','CCC444','3'); should not be here according to part3 desc
INSERT INTO Taken VALUES('6666666666','CCC111','3');


/* -- Remove all inserts from WaitingList
INSERT INTO WaitingList VALUES('3333333333','CCC222',1);
INSERT INTO WaitingList VALUES('5555555555','CCC333',1);
INSERT INTO WaitingList VALUES('6666666666','CCC333',2);
*/